metric,value
annual_return,0.3735980797003546
annual_volatility,0.2742997639726725
sharpe,1.289093634566825
parametric_var_95,0.07899653085455499
