metric,value
MC_VaR_95,0.07721059808421053
MC_VaR_99,0.26679634095367394
MC_CVaR_95,0.19278076224737478
MC_CVaR_99,0.35892772261000766
