metric,value
Annual Return,0.3735980797003562
Annual Volatility,0.274299763972673
Sharpe Ratio,1.3620065664277266
Diversification Ratio,1.2666613804189086
