scenario,mu_stress,sigma_stress,VaR_95_stressed,VaR_99_stressed
Mild shock (-3%),-0.03,0.011260972711019605,0.04852265180672216,0.056196939925912376
Moderate shock (-5%),-0.05,0.011260972711019605,0.06852265180672217,0.07619693992591238
Severe shock (-10%),-0.1,0.011260972711019605,0.11852265180672217,0.12619693992591238
Crash shock (-20%),-0.2,0.011260972711019605,0.21852265180672217,0.2261969399259124
Volatility spike (sigma x2),0.001574304580688477,0.02252194542203921,0.03547099903275584,0.050819575271136286
