,portfolio_volatility,weighted_asset_vol,diversification_ratio,average_correlation
0,0.016366835388609106,0.020731238306424656,1.2666613804189086,0.618472951198131
